formation_id,slug,slot,model_name,source_name,person_id
33,bianco0203,1,ジャンルイジ・ブッフォン,ブッフォン
33,bianco0203,2,リリアン・テュラム,テュラム
33,bianco0203,3,チロ・フェラーラ,フェラーラ
33,bianco0203,4,パオロ・モンテーロ,モンテーロ
33,bianco0203,5,ジャンルカ・ザンブロッタ,ザンブロッタ
33,bianco0203,6,アレッシオ・タッキナルディ,タッキナルディ
33,bianco0203,7,マウロ・カモラネージ,カモラネージ
33,bianco0203,8,エドガー・ダーヴィッツ,ダーヴィッツ
33,bianco0203,9,パベル・ネドベド,ネッドヴェド
33,bianco0203,10,アレッサンドロ・デル・ピエロ,デルピエロ
33,bianco0203,11,ダヴィド・トレゼゲ,トレゼゲ
36,val0304,1,サンティアゴ・カニサレス,カニサレス
36,val0304,2,クーロ・トーレス,トーレス
36,val0304,3,カルロス・マルチェナ,マルチェナ
36,val0304,4,ロベルト・アジャラ,アジャラ
36,val0304,5,アメデオ・カルボーニ,カルボーニ
36,val0304,6,ルベン・バラハ,バラハ
36,val0304,7,ダビド・アルベルダ,アルベルダ
36,val0304,8,フランシスコ・ルフェテ,ルフェテ
36,val0304,9,パブロ・アイマール,アイマール
36,val0304,10,ビセンテ・ロドリゲス,ビセンテ
36,val0304,11,ミスタ,ミスタ
38,chels0405,1,ペトル・チェフ,チェフ
38,chels0405,2,パウロ・フェレイラ,パウロ・フェレイラ
38,chels0405,3,リカルド・カルバーリョ,リカルド・カルバーリョ
38,chels0405,4,ジョン・テリー,ジョン・テリー
38,chels0405,5,ウィリアム・ギャラス,ギャラス
38,chels0405,6,クロード・マケレレ,マケレレ
38,chels0405,7,ジョー・コール,ジョー・コール
38,chels0405,8,フランク・ランパード,フランク・ランパード
38,chels0405,9,ダミアン・アンソニー・ダフ,ダミアン・ダフ
38,chels0405,10,エイドゥル・グジョンセン,エイドゥル・グジョンセン
38,chels0405,11,アリエン・ロッベン,アリエン・ロッペン
39,baye0001,1,オリバー・カーン,オリバーカーン
39,baye0001,2,ウィリー・サニョル,サニョル
39,baye0001,3,サミュエル・クフォー,クフォー
39,baye0001,4,パトリック・アンデション,アンデション
39,baye0001,5,トーマス・リンケ,リンケ
39,baye0001,6,ビセンテ・リザラズ,リザラズ
39,baye0001,7,シュテファン・エッフェンベルク,エフフェンベルク
39,baye0001,8,オーウェン・ハーグリーヴス,ハーグリーブス
39,baye0001,9,ハサン・サリハミジッチ,サリハミジッチ
39,baye0001,10,メーメット・ショル,メイメットショル
39,baye0001,11,エウベル,エウベル
51,ita12,1,ジャンルイジ・ブッフォン,ブッフォン
51,ita12,2,レオナルド・ボヌッチ,ボヌッチ
51,ita12,3,ダニエレ・デ・ロッシ,デ・ロッシ
51,ita12,4,ジョルジョ・キエッリーニ,キエリーニ
51,ita12,5,クリスティアン・マッジョ,マッジオ
51,ita12,6,エマヌエレ・ジャッケリーニ,ジャッケリーニ
51,ita12,7,アンドレア・ピルロ,ピルロ
51,ita12,8,クラウディオ・マルキージオ,マルキージオ
51,ita12,9,チアゴ・モッタ,モッタ
51,ita12,10,マリオ・バロテッリ,バロテリ
51,ita12,11,アントニオ・カッサーノ,カッサーノ
54,bra14,1,ジュリオ・セザール,ジュリオ・セザール
54,bra14,2,ダニエウ・アウヴェス,ダニエル・アウベス
54,bra14,3,チアゴ・シウバ,チアゴ・シウバ
54,bra14,4,ダヴィド・ルイス,ダビド・ルイス
54,bra14,5,マルセロ,マルセロ,728
54,bra14,6,パウリーニョ,パウリーニョ
54,bra14,7,ルイス・グスタヴォ,ルイス・グスタボ,726
54,bra14,8,フッキ,フッキー
54,bra14,9,オスカル,オスカル
54,bra14,10,ネイマール,ネイマール
54,bra14,11,フレッジ,フレッジ,1315
56,urg14,1,フェルナンド・ムスレラ,Fムスレラ
56,urg14,2,ホセ・マリア・ヒメネス,Jヒメネス
56,urg14,3,ディエゴ・ゴディン,Dゴディン
56,urg14,4,マルティン・カセレス,Mカセレス
56,urg14,5,アルバロ・ゴンザレス,Aゴンザレス
56,urg14,6,ニコラス・ロデイロ,Nロデイロ
56,urg14,7,エヒディオ・アレバロ・リオス,Eアレバロ
56,urg14,8,クリスティアン・ロドリゲス,Cロドリゲス
56,urg14,9,アルバロ・ペレイラ,Aペレイラ
56,urg14,10,ルイス・スアレス,ルイススアレス
56,urg14,11,エディンソン・カバーニ,カバーニ
61,ned14,1,ヤスパー・シレッセン,シレッセン
61,ned14,2,ダリル・ヤンマート,ヤンマート
61,ned14,3,ロン・フラール,フラール
61,ned14,4,ステファン・デ・フライ,デ・フライ
61,ned14,5,ブルーノ・マルティンス・インディ,インディ
61,ned14,6,デイリー・ブリント,ブリント
61,ned14,7,ナイジェル・デ・ヨング,Nデ・ヨング
61,ned14,8,ジョナサン・デ・グズマン,グズマン
61,ned14,9,ヴェスレイ・スナイデル,スナイデル
61,ned14,10,アリエン・ロッベン,ロッベン
61,ned14,11,ロビン・ファン・ペルシー,ロビン・ファンペルシー
117,par9899,1,ジャンルイジ・ブッフォン,ブッファン
117,par9899,2,リリアン・テュラム,トゥラム
117,par9899,3,ネストル・センシーニ,センシーニ
117,par9899,4,ファビオ・カンナバーロ,カンナバーロ
117,par9899,5,ディエゴ・フゼール,フゼール
117,par9899,6,アラン・ボゴシアン,ボゴシアン
117,par9899,7,ディノ・バッジョ,ディノバッチョ
117,par9899,8,アントニオ・ベナリーボ,ボナーリオ
117,par9899,9,フアン・セバスティアン・ベロン,ファン・セバスチャン・ベロン
117,par9899,10,エンリコ・キエーザ,エンリコ・キエーザ
117,par9899,11,エルナン・クレスポ,エルナン・クレスポ
32,tree,1,ジダ,ジーダ,105
32,tree,2,カフー,カフー,239
32,tree,3,アレッサンドロ・ネスタ,ネスタ,230
32,tree,4,ヤープ・スタム,スタム,55
32,tree,5,パオロ・マルディーニ,マルディーニ,198
32,tree,6,アンドレア・ピルロ,ピルロ,484
32,tree,7,ジェンナーロ・ガットゥーゾ,ガットゥーゾ,442
32,tree,8,クラレンス・セードルフ,セードルフ,221
32,tree,9,マヌエル・ルイ・コスタ,ルイ・コスタ,93
32,tree,10,カカ,カカ,444
32,tree,11,アンドリー・シェフチェンコ,シェフチェンコ,29
64,ger14,1,マヌエル・ノイアー,ノイアー,513
64,ger14,2,ジェローム・ボアテング,ボアテング,503
64,ger14,3,ペア・メルテザッカー,メルテザッカー,514
64,ger14,4,マッツ・フンメルス,フンメルス,667
64,ger14,5,ベネディクト・ヘーベデス,へーヴェデス,664
64,ger14,6,フィリップ・ラーム,ラーム,471
64,ger14,7,サミ・ケディラ,ケディラ,509
64,ger14,8,トニ・クロース,クロース,666
64,ger14,9,メスト・エジル,エジル,479
64,ger14,10,トーマス・ミュラー,トーマスミュラー,659
64,ger14,11,マリオ・ゲッツェ,ゲッツェ,615
90,manu0708,1,エトヴィン・ファン・デル・サール,ファン・デル・サール,183
90,manu0708,2,ウェズ・ブラウン,Wブラウン,
90,manu0708,3,リオ・ファーディナンド,ファーディナンド,260
90,manu0708,4,ネマニャ・ヴィディッチ,ヴィディッチ,694
90,manu0708,5,パトリス・エヴラ,エブラ,497
90,manu0708,6,マイクル・キャリック,キャリック,1247
90,manu0708,7,ポール・スコールズ,スコールズ,446
90,manu0708,8,クリスティアーノ・ロナウド,Cロナウド,443
90,manu0708,9,ライアン・ギグス,ギグス,245
90,manu0708,10,ウェイン・ルーニー,ルーニー,458
90,manu0708,11,カルロス・テベス,テベス,496
28,arg01,1,ヘルマン・ブルゴス,ブルゴス,
28,arg01,2,マウリシオ・ポチェッティーノ,ポジェッティーノ,2883
28,arg01,3,ロベルト・アジャラ,アジャラ,261
28,arg01,4,ワルテル・サムエル,サムエル,447
28,arg01,5,マティアス・アルメイダ,マティアス・アルメイダ,1598
28,arg01,6,ハビエル・サネッティ,サネッティ,74
28,arg01,7,キリ・ゴンサレス,キリゴンザレス,244
28,arg01,8,フアン・セバスティアン・ベロン,ベロン,49
28,arg01,9,アリエル・オルテガ,オルテガ,142
28,arg01,10,クラウディオ・ロペス,クラウディオロペス,1605
28,arg01,11,ガブリエル・バティストゥータ,バティストゥータ,146
78,chels1415,1,ティボー・クルトワ,T・クルトワ,764
78,chels1415,2,ブラニスラヴ・イヴァノヴィッチ,B・イヴァノビッチ,695
78,chels1415,3,ガリー・ジェームズ・ケーヒル,G・ケーヒル,1592
78,chels1415,4,ジョン・テリー,J・テリー,454
78,chels1415,5,セサル・アスピリクエタ,アスピリクエタ,811
78,chels1415,6,セスク・ファブレガス,S・ファブレガス,480
78,chels1415,7,ネマニャ・マティッチ,N・マティッチ,1062
78,chels1415,8,アンドレ・シュールレ,A・シュールレ,652
78,chels1415,9,オスカル,オスカル,725
78,chels1415,10,エデン・アザール,E・アザール,696
78,chels1415,11,ジエゴ・ダ・シウヴァ・コスタ,D・コスタ,802
102,totten1819,1,ウーゴ・ロリス,H・ロリス,1064
102,totten1819,2,キーラン・トリッピアー,K・トリッピアー,1940
102,totten1819,3,トビー・アルデルワイレルト,T・アルデルヴァイレルト,1619
102,totten1819,4,ヤン・フェルトンゲン,J・フェルトンケン,1224
102,totten1819,5,ダニー・ローズ,D・ローズ,
102,totten1819,6,ムサ・シソコ,M・シッソコ,2057
102,totten1819,7,ハリー・ウィンクス,H・ウインクス,
102,totten1819,8,クリスティアン・エリクセン,C・エリクセン,1463
102,totten1819,9,デレ・アリ,D・アリ,1857
102,totten1819,10,ソン・フンミン,ソンフンミン,1030
102,totten1819,11,ハリー・ケイン,H・ケイン,1270
48,dort1112,1,ロマン・ヴァイデンフェラー,R・ヴァイデンフェラー,
48,dort1112,2,ウカシュ・ピシュチェク,U・ヒシュチュク,2036
48,dort1112,3,ネヴェン・スボティッチ,N・スポティッチ,1028
48,dort1112,4,マッツ・フンメルス,M・フンメルス,667
48,dort1112,5,マルセル・シュメルツァー,M・シュメルツアー,1655
48,dort1112,6,スヴェン・ベンダー,S・ベンダー,
48,dort1112,7,イルカイ・ギュンドアン,I・ギュンドアン,1544
48,dort1112,8,マリオ・ゲッツェ,M・ゲッツェ,615
48,dort1112,9,香川　真司,香川真司,493
48,dort1112,10,ケヴィン・グロスクロイツ,K・グロスクロイツ,1663
48,dort1112,11,ロベルト・レヴァンドフスキ,R・レヴァンドフスキ,673
52,bel13,1,ティボー・クルトワ,T・クルトワ,764
52,bel13,2,トビー・アルデルワイレルト,T・アルデルワイレルト,1619
52,bel13,3,ヴァンサン・コンパニ,V・コンパニー,639
52,bel13,4,ダニエル・ファン・ブイテン,D・V-ブイテン,1328
52,bel13,5,ヤン・フェルトンゲン,J・フェルトンゲン,1224
52,bel13,6,アクセル・ヴィツェル,A-ヴィツエル,761
52,bel13,7,スティーブン・デフール,S・デフール,
52,bel13,8,マルアン・フェライニ,M・フェライニ,640
52,bel13,9,ケヴィン・デ・ブライネ,K・デ・ブルイネ,1223
52,bel13,10,エデン・アザール,E・アザール,696
52,bel13,11,クリスティアン・ベンテケ,ベンテケ,
30,jpn96,1,川口　能活,川口能活,530
30,jpn96,2,松田　直樹,松田直樹,
30,jpn96,3,田中　誠,田中誠,
30,jpn96,4,鈴木　秀人,鈴木秀人,
30,jpn96,5,伊東　輝悦,伊藤輝悦,
30,jpn96,6,服部　年宏,服部年宏,
30,jpn96,7,遠藤　彰弘,遠藤彰弘,
30,jpn96,8,路木　龍次,路木龍次,
30,jpn96,9,中田　英寿,中田英寿,2
30,jpn96,10,前園　真聖,前園真聖,
30,jpn96,11,城　彰二,城彰二,
45,manu9899,1,ピーター・シュマイケル,ピーター・シュマイケル,61
45,manu9899,2,ガリー・ネヴィル,ギャリー・ネビル,267
45,manu9899,3,ヤン・ロニー・ヨンセン,ヨン・セン,1234
45,manu9899,4,ヤープ・スタム,ヤープスタム,55
45,manu9899,5,デニス・アーウィン,デニス・アービン,1232
45,manu9899,6,デビッド・ベッカム,デイビッド・ベッカム,180
45,manu9899,7,ロイ・キーン,ロイ・キーン,240
45,manu9899,8,ポール・スコールズ,ポール・スコールズ,446
45,manu9899,9,ライアン・ギグス,ライアン・ギグス,245
45,manu9899,10,アンディ・コール,コール,1227
45,manu9899,11,ドワイト・ヨーク,ヨーク,1228
73,liv0405,1,イェジー・デュデク,デュデク,619
73,liv0405,2,スティーブ・フィナン,フィナン,
73,liv0405,3,ジェイミー・キャラガー,キャラガー,1559
73,liv0405,4,サミ・ヒーピア,ヒーピア,1774
73,liv0405,5,ジミ・トラオレ,トラオレ,
73,liv0405,6,ルイス・ガルシア,ルイス・ガルシア,
73,liv0405,7,シャビ・アロンソ,シャビ・アロンソ,485
73,liv0405,8,スティーブン・ジェラード,スティーブン・ジェラード,453
73,liv0405,9,ヨン・アルネ・リーセ,リーセ,
73,liv0405,10,ミラン・バロシュ,バロシュ,
73,liv0405,11,ハリー・キューウェル,キューエル,189
103,baye1920,1,マヌエル・ノイアー,ノイヤー,513
103,baye1920,2,ヨシュア・キミッヒ,キミヒ,1769
103,baye1920,3,ジェローム・ボアテング,ボアテング,503
103,baye1920,4,ダヴィド・アラバ,アラバ,1087
103,baye1920,5,アルフォンソ・デイヴィス,アルフォンソ・デイビス,2311
103,baye1920,6,チアゴ・アルカンタラ,ティアゴ・アルカンタラ,1679
103,baye1920,7,レオン・ゴレツカ,ゴレツカ,1747
103,baye1920,8,セルジュ・ニャブリ,ニャブリ,2169
103,baye1920,9,トーマス・ミュラー,トーマス・ミューラー,659
103,baye1920,10,キングスレイ・コマン,キングスレイ・コマン,1702
103,baye1920,11,ロベルト・レヴァンドフスキ,レバンドフスキ,673
69,bra02,1,マルコス,マルコス,
69,bra02,2,ルシオ,ルシオ,492
69,bra02,3,エジミウソン,エジミウソン,1306
69,bra02,4,ジュニオール,ジュニオール,
69,bra02,5,カフー,カフー,239
69,bra02,6,ロベルト・カルロス,ロベルト・カルロス,51
69,bra02,7,クレベルソン,クレベルソン,
69,bra02,8,ジウベルト・シウバ,ジルベルト・シウバ,1304
69,bra02,9,ロナウジーニョ,ロナウジーニョ,247
69,bra02,10,ロナウド,ロナウド,235
69,bra02,11,リバウド,リバウド,220
43,nbox,1,ヴァンズワム,ヴァンズワム,
43,nbox,2,鈴木　秀人,鈴木 秀人,
43,nbox,3,田中　誠,田中 誠,
43,nbox,4,大岩　剛,大岩 剛,
43,nbox,5,福西　崇史,福西 崇史,
43,nbox,6,服部　年宏,服部 年宏,
43,nbox,7,名波　浩,名波 浩,532
43,nbox,8,奥　大介,奥 大介,
43,nbox,9,藤田　俊哉,藤田 俊哉,
43,nbox,10,高原　直泰,高原 直泰,
43,nbox,11,中山　雅史,中山 雅史,
26,yug94,1,イブコビッチ,イブコビッチ,
26,yug94,2,ビリッチ,ビリッチ,
26,yug94,3,ジュキッチ,ジュキッチ,
26,yug94,4,シニシャ・ミハイロビッチ,ミハイロビッチ,200
26,yug94,5,ユーゴビッチ,ユーゴビッチ,
26,yug94,6,ヨカノビッチ,ヨカノビッチ,
26,yug94,7,ヤルニ,ヤルニ,
26,yug94,8,ズボニミール・ボバン,ボバン,574
26,yug94,9,ドラガン・ストイコビッチ,ストイコビッチ,117
26,yug94,10,パンチェフ,パンチェフ,
26,yug94,11,デヤン・サビチェビッチ,サビチェビッチ,573
100,liv1819,1,アリソン・ベッカー,ベッカー,1746
100,liv1819,2,トレント・アレクサンダー＝アーノルド,アーノルド,2104
100,liv1819,3,デヤン・ロヴレン,ロブレン,1941
100,liv1819,4,フィルジル・ファン・ダイク,ファンダイク,1751
100,liv1819,5,アンドリュー・ロバートソン,ロバートソン,2051
100,liv1819,6,ファビーニョ,ファビーニョ,2222
100,liv1819,7,ジョーダン・ヘンダーソン,ヘンダーソン,1046
100,liv1819,8,ジョルジニオ・ワイナルドゥム,ワイナルドゥム,2041
100,liv1819,9,モハメド・サラー,モハメド・サラー,1669
100,liv1819,10,サディオ・マネ,マネ,1739
100,liv1819,11,ロベルト・フィルミーノ,フィルミーノ,1775
87,bra06,1,ジダ,ジーダ,105
87,bra06,2,カフー,カフー,239
87,bra06,3,フアン,フアン,
87,bra06,4,ルシオ,ルシオ,492
87,bra06,5,ロベルト・カルロス,ロベルト・カルロス,51
87,bra06,6,エメルソン,エメルソン,252
87,bra06,7,ゼ・ロベルト,ゼ・ロベルト,1098
87,bra06,8,カカ,カカ,444
87,bra06,9,ロナウジーニョ,ロナウジーニョ,247
87,bra06,10,ロナウド,ロナウド,235
87,bra06,11,アドリアーノ,アドリアーノ,1208
112,arg22,1,エミリアーノ・マルティネス,マルティネス,2852
112,arg22,2,モリーナ,モリーナ,
112,arg22,3,クリスティアン・ロメロ,ロメロ,2459
112,arg22,4,ニコラス・オタメンディ,オタメンディ,1527
112,arg22,5,タグリアフィコ,タグリアフィコ,
112,arg22,6,エンソ・フェルナンデス,フェルナンデス,3114
112,arg22,7,ロドリゴ・デ・パウル,デパウル,2489
112,arg22,8,アレクシス・マック・アリスター,アリスター,2806
112,arg22,9,リオネル・メッシ,メッシ,469
112,arg22,10,フリアン・アルバレス,アルバレス,2787
112,arg22,11,アンヘル・ディ・マリア,ディ・マリア,743
71,baye1314,1,マヌエル・ノイアー,ノイヤー,513
71,baye1314,2,フィリップ・ラーム,ラーム,471
71,baye1314,3,ジェローム・ボアテング,ボアティング,503
71,baye1314,4,ダンテ,ダンテ,1088
71,baye1314,5,ダヴィド・アラバ,アラバ,1087
71,baye1314,6,バスティアン・シュバインシュタイガー,シュバインシュタイガー,462
71,baye1314,7,アリエン・ロッベン,ロッペン,451
71,baye1314,8,トーマス・ミュラー,ミュラー,659
71,baye1314,9,トニ・クロース,クロース,666
71,baye1314,10,フランク・リベリ,リベリー,505
71,baye1314,11,マリオ・マンジュキッチ,マンジュキッチ,717
107,eng2020,1,ジョーダン・ピックフォード,ピックフォード,2691
107,eng2020,2,カイル・ウォーカー,カイル・ウォーカー,2042
107,eng2020,3,ジョン・ストーンズ,ストーンズ,2379
107,eng2020,4,ハリー・マグワイア,マグワイア,2126
107,eng2020,5,キーラン・トリッピアー,トリッピアー,1940
107,eng2020,6,カルバン・フィリップス,フィリップス,2416
107,eng2020,7,デクラン・ライス,ライス,2557
107,eng2020,8,ルーク・ショー,ショー,2383
107,eng2020,9,ラヒーム・スターリング,スターリング,1025
107,eng2020,10,メイソン・マウント,マウント,2282
107,eng2020,11,ハリー・ケイン,ハリー・ケイン,1270
53,col13,1,ダビド・オスピナ,オスピナ,
53,col13,2,ファン・スニガ,スニガ,687
53,col13,3,ルイス・ペレア,ペレア,
53,col13,4,マリオ・ジェペス,ジェペス,
53,col13,5,パブロ・アルメロ,アルメロ,
53,col13,6,カルロス・サンチェス,サンチェス,
53,col13,7,アベル・アギラール,アギラール,
53,col13,8,ファン・クアドラード,クアドラード,682
53,col13,9,ハメス・ロドリゲス,ロドリエス,691
53,col13,10,ジャクソン・マルティネス,マルティネス,
53,col13,11,ラダメウ・ファルカオ,ファルカオ,624
76,amadr1314,1,ティボー・クルトワ,クルトワ,764
76,amadr1314,2,フアンフラン,ファンフラン,1523
76,amadr1314,3,ミランダ,ミランダ,1391
76,amadr1314,4,ディエゴ・ゴディン,ゴディン,683
76,amadr1314,5,フィリペ・ルイス,ルイス,
76,amadr1314,6,チアゴ・メンデス,チアゴ,
76,amadr1314,7,ガビ,ガビ,2411
76,amadr1314,8,コケ,コケ,1343
76,amadr1314,9,アルダ・トゥラン,アルダ,1038
76,amadr1314,10,ジエゴ・ダ・シウヴァ・コスタ,ディエゴ・コスタ,802
76,amadr1314,11,ダビド・ビジャ,ダビド・ビジャ,477
50,spa12,1,イケル・カシージャス,カシージャス,271
50,spa12,2,アルバロ・アルベロア,アルベロア,702
50,spa12,3,ジェラール・ピケ,ピケ,481
50,spa12,4,セルヒオ・ラモス,セルヒオ・ラモス,486
50,spa12,5,ジョルディ・アルバ・ラモス,ジョルジ・アルバ,634
50,spa12,6,セルヒオ・ブスケツ,ブスケッツ,693
50,spa12,7,シャビ・アロンソ,シャビ・アロンソ,485
50,spa12,8,シャビ,シャビ,465
50,spa12,9,ダビド・シルバ,ダビド・シルバ,504
50,spa12,10,セスク・ファブレガス,セスク・ファブレガス,480
50,spa12,11,アンドレス・イニエスタ,イニエスタ,470
96,cro18,1,ダニエル・スバシッチ,スバシッチ,
96,cro18,2,シメ・ヴルサリコ,ブルサリコ,1960
96,cro18,3,デヤン・ロヴレン,ロブレン,1941
96,cro18,4,ドマゴイ・ヴィダ,ビダ,
96,cro18,5,イヴァン・ストリニッチ,ストリニッチ,
96,cro18,6,マルセロ・ブロゾヴィッチ,ブロゾビッチ,2272
96,cro18,7,アンテ・レビッチ,レビッチ,2271
96,cro18,8,ルカ・モドリッチ,モドリッチ,607
96,cro18,9,イバン・ラキティッチ,ラキティッチ,967
96,cro18,10,イヴァン・ペリシッチ,ペリシッチ,2011
96,cro18,11,マリオ・マンジュキッチ,マンジュキッチ,717
2,ita00,1,フランチェスコ・トルド,トルド,1211
2,ita00,2,ファビオ・カンナバーロ,カンナバーロ,197
2,ita00,3,アレッサンドロ・ネスタ,ネスタ,230
2,ita00,4,マルク・ユリアーノ,ユリアーノ,
2,ita00,5,アンジェロ・ディ・リービオ,ディリビオ,
2,ita00,6,デメトリオ・アルベルティーニ,アルベルティーニ,981
2,ita00,7,ルイジ・ディ・ビアッジョ,ディビアッチョ,
2,ita00,8,パオロ・マルディーニ,マルディーニ,198
2,ita00,9,フランチェスコ・トッティ,トッティ,115
2,ita00,10,マルコ・デルヴェッキオ,デルベッキオ,1393
2,ita00,11,フィリッポ・インザーギ,インザーギ,211
20,cze03,1,ペトル・チェフ,チェフ,456
20,cze03,2,ズデニェク・グリゲラ,グリゲラ,
20,cze03,3,レネ・ボルフ,ボルフ,
20,cze03,4,トマーシュ・ウイファルシ,ウィファルシー,
20,cze03,5,マレク・ヤンクロフスキ,ヤンクロフスキー,1620
20,cze03,6,カレル・ポボルスキー,ポボルスキー,
20,cze03,7,トマーシュ・ガラセク,ガラセク,
20,cze03,8,ヴラディミール・シュミツェル,スミチェル,
20,cze03,9,トマーシュ・ロシツキー,ロシツキー,249
20,cze03,10,パベル・ネドベド,ネドベド,237
20,cze03,11,ヤン・コレル,コラー,1002
3,ams9495,1,エトヴィン・ファン・デル・サール,ファンデルサール,183
3,ams9495,2,ミハエル・ライツィハー,レイジハー,943
3,ams9495,3,ダニー・ブリント,ブリント,1280
3,ams9495,4,フランク・デ・ブール,デブール,60
3,ams9495,5,フランク・ライカールト,ライカールト,974
3,ams9495,6,クラレンス・セードルフ,セードルフ,221
3,ams9495,7,エドガー・ダーヴィッツ,ダービッツ,96
3,ams9495,8,ヤリ・リトマネン,リトマネン,863
3,ams9495,9,パトリック・クライファート,クライファート,938
3,ams9495,10,フィニディ・ジョージ,ジョージ,
3,ams9495,11,マルク・オーフェルマルス,オーフェルマルス,529
84,baye1516,1,マヌエル・ノイアー,ノイアー,513
84,baye1516,2,ラフィーニャ,ラフィーニャ,
84,baye1516,3,ジェローム・ボアテング,ボアテング,503
84,baye1516,4,ダヴィド・アラバ,アラバ,1087
84,baye1516,5,フィリップ・ラーム,ラーム,471
84,baye1516,6,シャビ・アロンソ,シャビ・アロンソ,485
84,baye1516,7,アルトゥーロ・ビダル,ビダル,686
84,baye1516,8,アリエン・ロッベン,ロッベン,451
84,baye1516,9,トーマス・ミュラー,ミュラー,659
84,baye1516,10,ドウグラス・コスタ,ドゥグラス・コスタ,1341
84,baye1516,11,ロベルト・レヴァンドフスキ,レヴァンドフスキー,673
35,madr0102,1,イケル・カシージャス,カシージャス,271
35,madr0102,2,ミチェル・サルガド,サルガド,268
35,madr0102,3,フェルナンド・イエロ,イエロ,158
35,madr0102,4,イバン・エルゲラ,エルゲラ,918
35,madr0102,5,ロベルト・カルロス,ロベルト・カルロス,51
35,madr0102,6,クロード・マケレレ,マケレレ,253
35,madr0102,7,サンティアゴ・ソラーリ,ソラーリ,2043
35,madr0102,8,ルイス・フィーゴ,フィーゴ,170
35,madr0102,9,ジネディーヌ・ジダン,ジダン,84
35,madr0102,10,フェルナンド・モリエンテス,モリエンテス,448
35,madr0102,11,ラウル・ゴンサレス,ラウル,68
113,jpn22,1,権田　修一,権田修一,
113,jpn22,2,板倉　滉,板倉滉,2627
113,jpn22,3,吉田　麻也,吉田麻也,630
113,jpn22,4,冨安　健洋,冨安健洋,2112
113,jpn22,5,遠藤　航,遠藤航,2323
113,jpn22,6,鎌田　大地,鎌田大地,2270
113,jpn22,7,伊東　純也,伊藤純也,2235
113,jpn22,8,三笘　薫,三笘薫,2546
113,jpn22,9,堂安　律,堂安律,2199
113,jpn22,10,南野　拓実,南野拓実,2127
113,jpn22,11,浅野　拓磨,浅野拓磨,1697
47,nero0910,1,ジュリオ・セザール,ジュリオ・セザール,732
47,nero0910,2,マイコン,マイコン,476
47,nero0910,3,ルシオ,ルシオ,492
47,nero0910,4,ワルテル・サムエル,サムエル,447
47,nero0910,5,クリスティアン・キヴ,キブ,263
47,nero0910,6,ハビエル・サネッティ,サネッティ,74
47,nero0910,7,エステバン・カンビアッソ,カンビアソ,490
47,nero0910,8,ヴェスレイ・スナイデル,スナイデル,474
47,nero0910,9,ゴラン・パンデフ,パンデフ,1192
47,nero0910,10,サミュエル・エトー,エトウ,455
47,nero0910,11,ディエゴ・ミリート,ミリート,1190
104,ned74,1,ヤン・ヨングブルート,ヨングブルート,
104,ned74,2,ヴィム・スールビール,シュルビア,
104,ned74,3,ヴィム・レイスベルゲン,レイスベルゲン,
104,ned74,4,アリー・ハーン,ハーン,
104,ned74,5,ルート・クロル,クロル,
104,ned74,6,ヴィム・ヤンセン,ジャンセン,
104,ned74,7,ヴィレム・ファン・ハネヘム,ハネヘム,
104,ned74,8,ヨハン・ニースケンス,ニースケンス,1279
104,ned74,9,ジョニー・レップ,レップ,
104,ned74,10,ヨハン・クライフ,クライフ,467
104,ned74,11,ロブ・レンセンブリンク,レンセンブリンク,
62,por14,1,ルイ・パトリシオ,パトリシオ,2836
62,por14,2,ジョアン・ペレイラ,ペレイラ,
62,por14,3,ブルーノ・アルヴェス,アウベス,
62,por14,4,ペペ,ペペ,650
62,por14,5,ファビオ・コエントラン,コエントラン,523
62,por14,6,ミゲル・ヴェローゾ,ベローゾ,
62,por14,7,ジョアン・モウティーニョ,モーティーニョ,787
62,por14,8,ラウール・メイレレス,メイレレス,788
62,por14,9,ルイス・ナニ,ナニ,713
62,por14,10,エルデル・ポスティガ,ポスティガ,
62,por14,11,クリスティアーノ・ロナウド,クリスティアノロナード,443
34,bar0405,1,ビクトール・バルデス,ビクトル・バルデス,508
34,bar0405,2,ジュリアーノ・ベレッチ,ベレッジ,
34,bar0405,3,カルレス・プジョル,プジョル,266
34,bar0405,4,オレゲール,オレゲール,
34,bar0405,5,ジョバンニ・ファン・ブロンクホルスト,ファンブロンクホルスト,952
34,bar0405,6,ラファエル・マルケス,マルケス,737
34,bar0405,7,シャビ,シャビ,465
34,bar0405,8,デコ,デコ,452
34,bar0405,9,リュドビク・ジュリ,ジュリー,949
34,bar0405,10,サミュエル・エトー,エトー,455
34,bar0405,11,ロナウジーニョ,ロナウジーニョ,247
109,madr2122,1,ティボー・クルトワ,クルトワ,764
109,madr2122,2,ダニエル・カルバハル,カルバハル,934
109,madr2122,3,エデル・ミリトン,ミリトン,2544
109,madr2122,4,ダヴィド・アラバ,アラバ,1087
109,madr2122,5,フェルラン・メンディ,メンディ,2491
109,madr2122,6,カゼミーロ,カセミロ,1666
109,madr2122,7,ルカ・モドリッチ,モドリッチ,607
109,madr2122,8,トニ・クロース,クロース,666
109,madr2122,9,フェデリコ・バルベルデ,バルベルデ,2319
109,madr2122,10,ヴィニシウス・ジュニオール,ビニシウス,2223
109,madr2122,11,カリム・ベンゼマ,ベンゼマ,662
93,bianco9596,1,アンジェロ・ペルッツィ,ペルッツィ,1555
93,bianco9596,2,モレノ・トリチェッリ,トリチェッリ,1552
93,bianco9596,3,チロ・フェラーラ,フェラーラ,1165
93,bianco9596,4,ピエトロ・ヴィエルコウッド,ビエール・コ・ウッド,1553
93,bianco9596,5,ジャンルカ・ペッソット,ペソット,1554
93,bianco9596,6,パウロ・ソウザ,ソウザ,106
93,bianco9596,7,アントニオ・コンテ,コンテ,1550
93,bianco9596,8,ディディエ・デシャン,デシャン,587
93,bianco9596,9,ファブリッツィオ・ラバネッリ,ラバネッリ,1548
93,bianco9596,10,ジャンルカ・ヴィアリ,ビアッリ,1547
93,bianco9596,11,アレッサンドロ・デル・ピエロ,デル・ピエロ,108
8,rmn00,1,ボグダン・ステレア,ステレア,
8,rmn00,2,コスミン・コントラ,チオボリタウ,
8,rmn00,3,ゲオルゲ・ポペスク,ポペスク,
8,rmn00,4,イウリアン・フィリペスク,フィリペスク,
8,rmn00,5,ダン・ペトレスク,ペトレスク,
8,rmn00,6,コンスタンティン・ガルカ,ガルカ,
8,rmn00,7,クリスティアン・キヴ,キブ,263
8,rmn00,8,ドリネル・ムンテアーヌ,ムンテアーヌ,
8,rmn00,9,ゲオルゲ・ハジ,ハジ,572
8,rmn00,10,ヴィオレル・モルドワン,モルドワン,
8,rmn00,11,アドリアン・イリエ,イリエ,
83,villa0506,1,セバスティアン・ビエラ,ビエラ,
83,villa0506,2,ハビ・ベンタ,ベンタ,
83,villa0506,3,キケ・アルバレス,アルバレス,
83,villa0506,4,フアン・マヌエル・ペーニャ,ペーニャ,
83,villa0506,5,ロドルフォ・アルアバレーナ,アルアバレーナ,
83,villa0506,6,マルコス・セナ,マルコス・センナ,1051
83,villa0506,7,アレッシオ・タッキナルディ,タクティナルディ,1162
83,villa0506,8,ファン・パブロ・ソリン,ソリーン,2045
83,villa0506,9,ファン・ロマン・リケルメ,デ・ケルメ,1018
83,villa0506,10,ホセ・マリ,ホセ・マリ,
83,villa0506,11,ディエゴ・フォルラン,フォルラン,690
82,ita06,1,ジャンルイジ・ブッフォン,ブッフォン,169
82,ita06,2,ジャンルカ・ザンブロッタ,ザンブロッタ,259
82,ita06,3,ファビオ・カンナバーロ,カンナバーロ,197
82,ita06,4,マルコ・マテラッツィ,マテラッツィ,464
82,ita06,5,ファビオ・グロッソ,グロッソ,1292
82,ita06,6,ジェンナーロ・ガットゥーゾ,ガットゥーゾ,442
82,ita06,7,アンドレア・ピルロ,ピルロ,484
82,ita06,8,マウロ・カモラネージ,カモラネージ,461
82,ita06,9,シモーネ・ペッロッタ,ペロッタ,1058
82,ita06,10,フランチェスコ・トッティ,トッティ,115
82,ita06,11,ルカ・トーニ,ルカトーニ,1097
116,lazio9900,1,ルカ・マルケジャーニ,マルケッティ,
116,lazio9900,2,パオロ・ネグロ,ネグロ,
116,lazio9900,3,アレッサンドロ・ネスタ,ネスタ,230
116,lazio9900,4,シニシャ・ミハイロビッチ,ミハイロヴィッチ,200
116,lazio9900,5,ジュゼッペ・パンカロ,パンカロ,
116,lazio9900,6,フアン・セバスティアン・ベロン,ベロン,49
116,lazio9900,7,ディエゴ・シメオネ,シメオネ,583
116,lazio9900,8,セルジオ・コンセイソン,セルジオ・コンセイション,
116,lazio9900,9,パベル・ネドベド,ネドヴェド,237
116,lazio9900,10,マルセロ・サラス,マルセロ・サラス,234
116,lazio9900,11,シモーネ・インザーギ,シモーネ・インザーギ,2881
111,mrc2022,1,ヤシン・ブヌ,ブヌ,3107
111,mrc2022,2,アクラフ・ハキミ,ハキミ,2293
111,mrc2022,3,ロマン・サイス,サイス,
111,mrc2022,4,ナイフ・アゲルド,アゲルド,
111,mrc2022,5,ヌサイル・マズラウィ,マズラウィ,
111,mrc2022,6,ソフィアン・アムラバト,アムラバト,2739
111,mrc2022,7,ハキム・ツィエク,ツイエク,2352
111,mrc2022,8,セリム・アマラー,アマラー,
111,mrc2022,9,アゼディン・ウナヒ,ウナヒ,
111,mrc2022,10,ソフィアン・ブファル,ブファル,
111,mrc2022,11,ユセフ・エン＝ネシリ,アンヌシリ,2744
1,bar9900,1,ルート・ヘスプ,ヘスプ,
1,bar9900,2,アベラルド・フェルナンデス,アベラルド,945
1,bar9900,3,フランク・デ・ブール,デ・ブール,60
1,bar9900,4,ミハエル・ライツィハー,レイジ・ハー,943
1,bar9900,5,ジョゼップ・グアルディオラ,グアルディオラ,48
1,bar9900,6,セルジ・バルフアン,セルジ,1268
1,bar9900,7,ルイス・エンリケ,エンリケ,941
1,bar9900,8,フィリップ・コクー,コクウ,39
1,bar9900,9,ルイス・フィーゴ,ルイス・フィーゴ,170
1,bar9900,10,パトリック・クライファート,クレイファート,938
1,bar9900,11,リバウド,リバウド,220
40,lev0102,1,ハンス＝ヨルク・ブット,ブット,
40,lev0102,2,ゾルタン・セベシェン,セベシェン,
40,lev0102,3,ルシオ,ルシオ,492
40,lev0102,4,イェンス・ノボトニー,ノボトニー,
40,lev0102,5,ディエゴ・プラセンテ,プラセンテ,
40,lev0102,6,ミヒャエル・バラック,バラック,248
40,lev0102,7,ベルント・シュナイダー,シュナイダー,257
40,lev0102,8,ユルディライ・バシュトゥルク,バシュトゥルク,
40,lev0102,9,ゼ・ロベルト,ゼ・ロベルト,1098
40,lev0102,10,ウルフ・キルステン,キルシュテン,
40,lev0102,11,オリバー・ノイビル,ノイビル,
97,jpn68,1,横山　謙三,横山,
97,jpn68,2,片山　洋,片山,
97,jpn68,3,小城　得達,小城得達,
97,jpn68,4,鎌田　光夫,鎌田,
97,jpn68,5,森　孝慈,森孝慈,
97,jpn68,6,山口　芳忠,山口,
97,jpn68,7,渡辺　正,渡辺,
97,jpn68,8,宮本　輝紀,宮本,
97,jpn68,9,松本　育夫,松本,
97,jpn68,10,杉山　隆一,杉山,
97,jpn68,11,釜本　邦茂,釜本邦茂,
89,madr1112,1,イケル・カシージャス,カシージャス,271
89,madr1112,2,アルバロ・アルベロア,アルベロア,702
89,madr1112,3,ペペ,ペペ,650
89,madr1112,4,セルヒオ・ラモス,セルヒオ・ラモス,486
89,madr1112,5,ファビオ・コエントラン,コエントラン,523
89,madr1112,6,サミ・ケディラ,ケディラ,509
89,madr1112,7,シャビ・アロンソ,シャビ・アロンソ,485
89,madr1112,8,アンヘル・ディ・マリア,ディマリア,743
89,madr1112,9,メスト・エジル,エジル,479
89,madr1112,10,クリスティアーノ・ロナウド,クリスチアーノ・ロナウド,443
89,madr1112,11,カリム・ベンゼマ,カリム・ベンゼマ,662
75,bianco1314,1,ジャンルイジ・ブッフォン,ブッフォン,169
75,bianco1314,2,アンドレア・バルツァッリ,バルザーリ,821
75,bianco1314,3,レオナルド・ボヌッチ,ボヌッチ,1175
75,bianco1314,4,ジョルジョ・キエッリーニ,キエッリーニ,500
75,bianco1314,5,アンドレア・ピルロ,ピルロ,484
75,bianco1314,6,ステファン・リヒトシュタイナー,リヒトシュタイナー,700
75,bianco1314,7,ポール・ボグバ,ポグバ,689
75,bianco1314,8,アルトゥーロ・ビダル,ビダル,686
75,bianco1314,9,クワドォー・アサモア,アサモア,792
75,bianco1314,10,フェルナンド・ジョレンテ,ジョレンテ,1168
75,bianco1314,11,カルロス・テベス,テベス,496
66,madr1314,1,イケル・カシージャス,カシージャス,271
66,madr1314,2,ダニエル・カルバハル,カルバハル,934
66,madr1314,3,セルヒオ・ラモス,セルヒオ・ラモス,486
66,madr1314,4,ラファエル・ヴァラン,バラン,932
66,madr1314,5,ファビオ・コエントラン,コエントラン,523
66,madr1314,6,サミ・ケディラ,ケディラ,509
66,madr1314,7,ルカ・モドリッチ,モドリッチ,607
66,madr1314,8,アンヘル・ディ・マリア,ディ・マリア,743
66,madr1314,9,ガレス・ベイル,ベイル,516
66,madr1314,10,カリム・ベンゼマ,ベンゼマ,662
66,madr1314,11,クリスティアーノ・ロナウド,クリスチャーノ・ロナウド,443
58,civ14,1,ブバカル・バリー,バリー,
58,civ14,2,セルジュ・オーリエ,オリエ,2559
58,civ14,3,コロ・トゥーレ,コロトゥーレ,604
58,civ14,4,ディディエ・ゾコラ,ゾコラ,
58,civ14,5,アルトゥール・ボカ,ボカ,
58,civ14,6,セレイ・ディエ,ディエ,
58,civ14,7,シェイク・ティオテ,ティオテ,
58,civ14,8,ヤヤ・トゥーレ,ヤヤトゥーレ,591
58,civ14,9,ジェルビーニョ,ジェルビーニョ,699
58,civ14,10,ディディエ・ドログバ,ドログバ,468
58,civ14,11,サロモン・カルー,サロモンカルー,
101,ned88,1,ハンス・ファン・ブロイケレン,ブルーケレン,
101,ned88,2,ベリー・ファン・アーレ,アーレ,
101,ned88,3,フランク・ライカールト,ライカールト,974
101,ned88,4,ロナルド・クーマン,クーマン,579
101,ned88,5,アドリ・ファン・ティゲレン,ティーヘレン,
101,ned88,6,ヤン・ボウタース,ボウタース,
101,ned88,7,アーノルド・ミューレン,ミューレン,
101,ned88,8,ジェラルド・ファネンブルグ,ファンネンブルグ,
101,ned88,9,エルヴィン・クーマン,クーマン,
101,ned88,10,マルコ・ファン・バステン,ファンバステン,972
101,ned88,11,ルート・フリット,フリット,973
18,cate,1,ディノ・ゾフ,ゾフ,1182
18,cate,2,クラウディオ・ジェンティーレ,ジェンティーレ,
18,cate,3,ジュゼッペ・ベルゴミ,ベルゴミ,1203
18,cate,4,ガエタノ・シレア,シレア,1181
18,cate,5,フルビオ・コロバティ,コロバティ,
18,cate,6,アントニオ・カブリーニ,カブリーニ,
18,cate,7,マルコ・タルデッリ,タルデッディ,
18,cate,8,ブルーノ・コンティ,コンティ,
18,cate,9,ジャンカルロ・アントニョーニ,アントニョーニ,
18,cate,10,フランチェスコ・グラツィアーニ,グラッツィアーニ,
18,cate,11,パオロ・ロッシ,ロッシ,1179
67,ita94,1,ジャンルカ・パリューカ,パリューカ,590
67,ita94,2,マウロ・タソッティ,タソッティ,977
67,ita94,3,アレッサンドロ・コスタクルタ,コスタクルタ,987
67,ita94,4,フランコ・バレージ,バレージ,588
67,ita94,5,パオロ・マルディーニ,マルディーニ,198
67,ita94,6,ロベルト・ドナドーニ,ドナドニ,909
67,ita94,7,ディノ・バッジョ,ディノバッチョ,1288
67,ita94,8,デメトリオ・アルベルティーニ,アルベルティーニ,981
67,ita94,9,ニコラ・ベルティ,ニコラベルティ,1201
67,ita94,10,ダニエレ・マッサーロ,マッサーロ,978
67,ita94,11,ロベルト・バッジョ,ロベルトバッチョ,46
5,ger00,1,オリバー・カーン,オリバー・カーン,269
5,ger00,2,マルクス・バッベル,バッベル,
5,ger00,3,ローター・マテウス,マテウス,134
5,ger00,4,トーマス・リンケ,リンケ,1076
5,ger00,5,イェンス・イェレミース,イェレミース,1326
5,ger00,6,ディートマー・ハマン,ハマン,
5,ger00,7,セバスティアン・ダイスラー,ダイスラー,1324
5,ger00,8,メーメット・ショル,メイメット・ショル,571
5,ger00,9,クリスティアン・ツィーゲ,ツイゲ,
5,ger00,10,カルステン・ヤンカー,ヤンカー,1325
5,ger00,11,オリバー・ビアホフ,ビアホフ,982
65,bar1011,1,ビクトール・バルデス,バルデス,508
65,bar1011,2,ダニエウ・アウヴェス,ダニ・エウアベス,498
65,bar1011,3,ジェラール・ピケ,ピケ,481
65,bar1011,4,カルレス・プジョル,プジョル,266
65,bar1011,5,エリック・アビダル,アビダル,525
65,bar1011,6,セルヒオ・ブスケツ,ブスケツ,693
65,bar1011,7,シャビ,シャビ,465
65,bar1011,8,アンドレス・イニエスタ,イニエスタ,470
65,bar1011,9,ペドロ・ロドリゲス・レデスマ,ペドロ,803
65,bar1011,10,リオネル・メッシ,メッシ,469
65,bar1011,11,ダビド・ビジャ,ビジャ,477
60,fra14,1,ウーゴ・ロリス,ロリス,1064
60,fra14,2,マテュー・ドゥビュシー,デュビュッシー,
60,fra14,3,ラファエル・ヴァラン,バラン,932
60,fra14,4,ママドゥ・サコー,サコー,2605
60,fra14,5,パトリス・エヴラ,エブラ,497
60,fra14,6,ヨアン・キャバイエ,カバイエ,
60,fra14,7,ポール・ボグバ,ポグバ,689
60,fra14,8,ブレーズ・マテュイディ,マテューディ,839
60,fra14,9,マチュー・ヴァルブエナ,バルブエナ,
60,fra14,10,カリム・ベンゼマ,ベンゼマ,662
60,fra14,11,グリーズマン,グリーズマン,1033
115,lev2324,1,ルーカス・フラデツキー,フラデツキ,
115,lev2324,2,オディロン・コスヌ,コスヌ,
115,lev2324,3,ヨナタン・ター,ヨナタンタ,2921
115,lev2324,4,エドモン・タプソバ,タプソバ,
115,lev2324,5,ジェレミー・フリンポン,フリンポン,2892
115,lev2324,6,グラニト・ジャカ,ジャカ,2170
115,lev2324,7,エセキエル・パラシオス,パラシオス,
115,lev2324,8,アレックス・グリマルド,グリマルド,
115,lev2324,9,ヨナス・ホフマン,ホフマン,3021
115,lev2324,10,フロリアン・ヴィルツ,ビルツ,2877
115,lev2324,11,ビクター・ボニフェイス,ボニュフェイス,
108,ita2020,1,ジャンルイジ・ドンナルンマ,ドンナルンマ,1558
108,ita2020,2,ジョバンニ・ディ・ロレンツォ,ロレンゾ,
108,ita2020,3,レオナルド・ボヌッチ,ボヌッチ,1175
108,ita2020,4,ジョルジョ・キエッリーニ,キエッリーニ,500
108,ita2020,5,エメルソン・パルミエリ,パルミエリ,
108,ita2020,6,ジョルジーニョ,ジョルジーニョ,1990
108,ita2020,7,ニコロ・バレッラ,バレラ,2458
108,ita2020,8,マルコ・ヴェッラッティ,ベラッティ,1424
108,ita2020,9,フェデリコ・キエーザ,フェデリコ・キエーザ,2274
108,ita2020,10,ロレンツォ・インシーニェ,インシーニェ,2457
108,ita2020,11,チーロ・インモービレ,インモービレ,2078
105,wger74,1,ゼップ・マイヤー,マイヤー,
105,wger74,2,フランツ・ベッケンバウアー,ベッケンバウアー,459
105,wger74,3,ベルティ・フォクツ,フォクツ,
105,wger74,4,ハンス＝ゲオルク・シュヴァルツェンベック,シュヴァルツェンベック,
105,wger74,5,パウル・ブライトナー,ブライトナー,2366
105,wger74,6,ライナー・ボンホフ,ボンホフ,
105,wger74,7,ウリ・ヘーネス,ヘーネス,
105,wger74,8,ヴォルフガング・オベラート,オーバーラート,
105,wger74,9,ユルゲン・グラボウスキー,グラボウスキー,
105,wger74,10,ゲルト・ミュラー,ゲルト・ミュラー,1465
105,wger74,11,ベルント・ヘルツェンバイン,ヘルツェンベイン,
81,roma0001,1,フランチェスコ・アントニオーリ,アントニオーリ,1400
81,roma0001,2,ジョナサン・ゼビナ,ゼビナ,1399
81,roma0001,3,ワルテル・サムエル,サムエル,447
81,roma0001,4,ザーゴ,ザーゴ,1397
81,roma0001,5,カフー,カフー,239
81,roma0001,6,エメルソン,エメルソン,252
81,roma0001,7,ダミアーノ・トンマージ,トンマージ,1396
81,roma0001,8,ヴァンサン・カンデラ,カンデラ,1395
81,roma0001,9,フランチェスコ・トッティ,トッティ,115
81,roma0001,10,ガブリエル・バティストゥータ,バティストゥータ,146
81,roma0001,11,マルコ・デルヴェッキオ,デルベッキオ,1393
59,eng14,1,ジョー・ハート,ハート,
59,eng14,2,グレン・ジョンソン,ジョンソン,776
59,eng14,3,フィル・ジャギエルカ,ジャギエルカ,
59,eng14,4,ガリー・ジェームズ・ケーヒル,ケーヒル,777
59,eng14,5,レイトン・ベインズ,ベインズ,
59,eng14,6,ジョーダン・ヘンダーソン,ヘンダーソン,1046
59,eng14,7,スティーブン・ジェラード,ジェラード,453
59,eng14,8,ラヒーム・スターリング,スターリング,1025
59,eng14,9,ウェイン・ルーニー,ルーニー,458
59,eng14,10,ダニー・ウェルベック,ウェルベック,772
59,eng14,11,ダニエル・スターリッジ,スターリッジ,680
10,fra00,1,ファビアン・バルテズ,バルテズ,272
10,fra00,2,リリアン・テュラム,トゥラム,110
10,fra00,3,ローラン・ブラン,ブラン,153
10,fra00,4,マルセル・デサイー,デサイー,910
10,fra00,5,ビセンテ・リザラズ,リザラズ,1075
10,fra00,6,パトリック・ヴィエラ,ビエラ,254
10,fra00,7,ディディエ・デシャン,デシャン,587
10,fra00,8,エマニュエル・プティ,プティ,596
10,fra00,9,ジネディーヌ・ジダン,ジダン,84
10,fra00,10,ニコラ・アネルカ,アネルカ,1373
10,fra00,11,ティエリ・アンリ,アンリ,238
88,nero9091,1,ワルテル・ゼンガ,ゼンガ,
88,nero9091,2,ジュゼッペ・ベルゴミ,ベルゴミ,1203
88,nero9091,3,セルジオ・バッティスティーニ,バティスティーニ,
88,nero9091,4,リカルド・フェッリ,フェッリ,
88,nero9091,5,アンドレアス・ブレーメ,ブレーメ,589
88,nero9091,6,マッシモ・パガニン,パガニン,
88,nero9091,7,アレッサンドロ・ビアンキ,ビアンキ,
88,nero9091,8,ローター・マテウス,マテウス,134
88,nero9091,9,ニコラ・ベルティ,ベルティ,1201
88,nero9091,10,ユルゲン・クリンスマン,クリンスマン,1107
88,nero9091,11,アルド・セレーナ,セレナ,
68,bra82,1,ヴァウジール・ペレス,ペレス,
68,bra82,2,レアンドロ,レアンドロ,
68,bra82,3,オスカー,オスカー,
68,bra82,4,ルイジーニョ,ルイジーニョ,
68,bra82,5,ジュニオール,ジュニオール,
68,bra82,6,トニーニョ・セレーゾ,セレーゾ,1120
68,bra82,7,ファルカン,ファルカン,1119
68,bra82,8,ソクラテス,ソクラテス,1118
68,bra82,9,ジーコ,ジーコ,1117
68,bra82,10,セルジーニョ,セルジーニョ,
68,bra82,11,エデル,エデル,
95,fra18,1,ウーゴ・ロリス,ロリス,1064
95,fra18,2,バンジャマン・パヴァール,パヴァール,2227
95,fra18,3,ラファエル・ヴァラン,ヴァラン,932
95,fra18,4,サミュエル・ユムティティ,ユムティティ,1681
95,fra18,5,リュカ・エルナンデス,エルナンデス,2064
95,fra18,6,ポール・ボグバ,ボグバ,689
95,fra18,7,エンゴロ・カンテ,カンテ,1462
95,fra18,8,キリアン・エムバペ,エムバペ,1738
95,fra18,9,グリーズマン,グリーズマン,1033
95,fra18,10,ブレーズ・マテュイディ,マテュイディ,839
95,fra18,11,オリヴィエ・ジルー,ジルー,837
46,manc1112,1,ジョー・ハート,ハート,
46,manc1112,2,マイカ・リチャーズ,リチャーズ,
46,manc1112,3,ヴァンサン・コンパニ,コンパニー,639
46,manc1112,4,ジョリオン・レスコット,レスコット,
46,manc1112,5,ガエル・クリシー,クリシー,1560
46,manc1112,6,ヤヤ・トゥーレ,ヤヤトゥーレ,591
46,manc1112,7,ギャレス・バリー,バリー,644
46,manc1112,8,ダビド・シルバ,ダビドシルバ,504
46,manc1112,9,サミル・ナスリ,ナスリ,1563
46,manc1112,10,カルロス・テベス,テベス,496
46,manc1112,11,セルヒオ・アグエロ,アグエロ,507
41,mona0304,1,フラビオ・ローマ,ローマ,
41,mona0304,2,ウーゴ・イバラ,イバラ,
41,mona0304,3,ジュリアン・ロドリゲス,ロドリゲス,
41,mona0304,4,ガエル・ジヴェ,ジベ,
41,mona0304,5,パトリス・エヴラ,エブラ,497
41,mona0304,6,エドゥアール・シセ,シセ,
41,mona0304,7,ルーカス・ベルナルディ,ベルナルディ,
41,mona0304,8,リュドビク・ジュリ,ジュリ,949
41,mona0304,9,ジェローム・ロタン,ロタン,
41,mona0304,10,ダド・プルショ,プルショ,
41,mona0304,11,フェルナンド・モリエンテス,モリエンテス,448
16,chl98,1,ネルソン・タピア,タピア,
16,chl98,2,モイセス・ビジャロエル,ビジャレアル,
16,chl98,3,ロナルド・フエンテス,フンテス,
16,chl98,4,ハビエル・マルガス,マルガス,
16,chl98,5,フランシスコ・ロハス,ロハス,
16,chl98,6,ペドロ・レジェス,レイエス,
16,chl98,7,ネルソン・パラゲス,パラグエス,
16,chl98,8,クラレンス・アクーニャ,アクーニャ,
16,chl98,9,ファビアン・エスタイ,エスタイ,
16,chl98,10,マルセロ・サラス,サラス,234
16,chl98,11,イバン・サモラーノ,サモラノ,1141
74,ned98,1,エトヴィン・ファン・デル・サール,ファン・デル・サール,183
74,ned98,2,ミハエル・ライツィハー,ライツィハー,943
74,ned98,3,ヤープ・スタム,スタム,55
74,ned98,4,フランク・デ・ブール,F デ・ブール,60
74,ned98,5,アルトゥール・ニューマン,ニューマン,
74,ned98,6,ヴィム・ヨンク,ヨンク,
74,ned98,7,エドガー・ダーヴィッツ,ダービッツ,96
74,ned98,8,ロナルド・デ・ブール,R デ・ブール,1277
74,ned98,9,デニス・ベルカンプ,ベルカンプ,52
74,ned98,10,フィリップ・コクー,コクー,39
74,ned98,11,パトリック・クライファート,クライファート,938
17,por00,1,ビトール・バイーア,バイヤ,
17,por00,2,アベル・シャヴィエル,シャヴィエル,
17,por00,3,ジョルジュ・コスタ,コスタ,
17,por00,4,フェルナンド・コウト,コート,
17,por00,5,ディマス,ディマス,
17,por00,6,コスティーニャ,コスティーニャ,
17,por00,7,パウロ・ソウザ,サトーザ,106
17,por00,8,マヌエル・ルイ・コスタ,ルイコスタ,93
17,por00,9,セルジオ・コンセイソン,セルジオコンセイソン,
17,por00,10,ルイス・フィーゴ,フィーゴ,170
17,por00,11,ヌーノ・ゴメス,ヌーノゴメス,
114,lyon0405,1,グレゴリー・クーペ,クーペ,
114,lyon0405,2,アンソニー・レベイエール,レベイエール,
114,lyon0405,3,クラウディオ・カサッパ,カサッパ,
114,lyon0405,4,クリス,クリス,
114,lyon0405,5,エリック・アビダル,アビダル,525
114,lyon0405,6,マアマドゥ・ディアッラ,ディアッラ,
114,lyon0405,7,マイケル・エッシェン,エッシェン,491
114,lyon0405,8,ジュニーニョ・ペルナンブカーノ,ジュニーノ・ベルナンプカーノ,688
114,lyon0405,9,シドニー・ゴヴ,コブー,
114,lyon0405,10,シルヴァン・ヴィルトール,ビルトール,
114,lyon0405,11,フローラン・マルダ,マルーダ,506
14,yug00,1,イビツァ・クラリ,クラリ,
14,yug00,2,ゴラン・コムリェノヴィッチ,コムリエノビッチ,
14,yug00,3,ミロスラヴ・ジュキッチ,ジュキッチ,
14,yug00,4,シニシャ・ミハイロビッチ,ミハイロビッチ,200
14,yug00,5,ゴラン・ジョロヴィッチ,ジョロビッチ,
14,yug00,6,ヴラディミル・ユーゴヴィッチ,ユーゴビッチ,
14,yug00,7,スラヴィシャ・ヨカノヴィッチ,ヨカノビッチ,
14,yug00,8,ドラガン・ストイコビッチ,ストイコビッチ,117
14,yug00,9,リュビンコ・ドルロヴィッチ,ドルロビッチ,
14,yug00,10,プレドラグ・ミヤトヴィッチ,ミヤトビッチ,1333
14,yug00,11,サヴォ・ミロシェヴィッチ,シロシェビッチ,
98,kawasaki18,1,鄭成龍,鄭成龍,
98,kawasaki18,2,エウシーニョ,エウシーニョ,
98,kawasaki18,3,奈良竜樹,奈良竜樹,
98,kawasaki18,4,谷口彰悟,谷口彰悟,
98,kawasaki18,5,車屋紳太郎,車屋紳太郎,
98,kawasaki18,6,大島僚太,大島僚太,
98,kawasaki18,7,守田英正,守田英正,2490
98,kawasaki18,8,家長昭博,家長昭博,
98,kawasaki18,9,中村憲剛,中村憲剛,2008
98,kawasaki18,10,阿部浩之,阿部浩之,
98,kawasaki18,11,小林悠,小林悠,
31,rosso8889,1,ジョバンニ・ガッリ,ガッリ,
31,rosso8889,2,マウロ・タソッティ,タソッティ,977
31,rosso8889,3,アレッサンドロ・コスタクルタ,コスタクルタ,987
31,rosso8889,4,フランコ・バレージ,バレージ,588
31,rosso8889,5,パオロ・マルディーニ,マルディーニ,198
31,rosso8889,6,ロベルト・ドナドーニ,ドナドーニ,909
31,rosso8889,7,フランク・ライカールト,ライカールト,974
31,rosso8889,8,カルロ・アンチェロッティ,アンチェロッティ,1626
31,rosso8889,9,アルベリゴ・エバーニ,エバーニ,
31,rosso8889,10,ルート・フリット,グーリット,973
31,rosso8889,11,マルコ・ファン・バステン,ファンバステン,972
44,spa08,1,イケル・カシージャス,カシージャス,271
44,spa08,2,セルヒオ・ラモス,セルヒオラモス,486
44,spa08,3,カルレス・プジョル,プジョル,266
44,spa08,4,カルロス・マルチェナ,マルチェナ,
44,spa08,5,ジョアン・カプデビラ,カプデヒラ,
44,spa08,6,マルコス・セナ,マルコッセナ,1051
44,spa08,7,アンドレス・イニエスタ,イニエスタ,470
44,spa08,8,シャビ,シャビ,465
44,spa08,9,セスク・ファブレガス,ファブレガス,480
44,spa08,10,ダビド・シルバ,ダビドシルバ,504
44,spa08,11,フェルナンド・トーレス,トーレス,463
49,jpn11,1,川島永嗣,川島永嗣,482
49,jpn11,2,内田篤人,内田篤人,489
49,jpn11,3,吉田麻也,吉田麻也,630
49,jpn11,4,今野泰幸,今野泰幸,519
49,jpn11,5,長友佑都,長友佑都,487
49,jpn11,6,長谷部誠,長谷部誠,494
49,jpn11,7,遠藤保仁,遠藤保仁,499
49,jpn11,8,岡崎慎司,岡崎慎司,495
49,jpn11,9,本田圭佑,本田圭佑,472
49,jpn11,10,香川真司,香川真司,493
49,jpn11,11,前田遼一,前田遼一,
57,chl14,1,クラウディオ・ブラーボ,Bravo,1036
57,chl14,2,ガリー・メデル,Medel,1342
57,chl14,3,ゴンサロ・ハラ,Jara,
57,chl14,4,ホセ・ロハス,Rojas,
57,chl14,5,マウリシオ・イスラ,Isla,784
57,chl14,6,マルセロ・ディアス,Diaz,
57,chl14,7,アルトゥーロ・ビダル,Vidal,686
57,chl14,8,エウヘニオ・メナ,Mena,
57,chl14,9,アレクシス・サンチェス,Sánchez,524
57,chl14,10,チャルレス・アランギス,Aránguiz,
57,chl14,11,エドゥアルド・バルガス,Vargas,
15,eng00,1,デビット・シーマン,シーマン,273
15,eng00,2,ガリー・ネヴィル,ネビル,267
15,eng00,3,トニー・アダムス,アダムズ,
15,eng00,4,ソル・キャンベル,キャンベル,264
15,eng00,5,フィリップ・ネビル,ネビル,1239
15,eng00,6,デビッド・ベッカム,ベッカム,180
15,eng00,7,ポール・スコールズ,スコールズ,446
15,eng00,8,ポール・インス,インス,
15,eng00,9,スティーブ・マクマナマン,マクマナン,
15,eng00,10,アラン・シアラー,シアラー,243
15,eng00,11,マイケル・オーウェン,オーウェン,33
22,fra04,1,ファビアン・バルテズ,バルテズ,272
22,fra04,2,ウィリアム・ギャラス,ギャラス,627
22,fra04,3,リリアン・テュラム,デュラム,110
22,fra04,4,ミカエル・シルヴェストル,シルヴェストル,
22,fra04,5,ビセンテ・リザラズ,リザラズ,1075
22,fra04,6,クロード・マケレレ,マケレレ,253
22,fra04,7,パトリック・ヴィエラ,ヴィエラ,254
22,fra04,8,ロベール・ピレス,ピレス,251
22,fra04,9,ジネディーヌ・ジダン,ジダン,84
22,fra04,10,ダヴィド・トレゼゲ,トレセゲ,1159
22,fra04,11,ティエリ・アンリ,アンリ,238
27,bra94,1,タファレル,タファレル,582
27,bra94,2,ジョルジーニョ,ジョルジーニョ,1297
27,bra94,3,アウダイール,アウダイール,1125
27,bra94,4,マルシオ・サントス,サントス,
27,bra94,5,ブランコ,ブランコ,
27,bra94,6,マウロ・シルバ,シルバ,
27,bra94,7,ドゥンガ,ドゥンガ,576
27,bra94,8,マジーニョ,マジーニョ,
27,bra94,9,ジーニョ,ジーニョ,
27,bra94,10,ベベット,ベベット,1034
27,bra94,11,ロマーリオ,ロマーリオ,1122
72,rosso9899,1,クリスティアン・アッビアーティ,アピアーティ,988
72,rosso9899,2,ルイジ・サーラ,サーラ,
72,rosso9899,3,アレッサンドロ・コスタクルタ,コスタクルタ,987
72,rosso9899,4,パオロ・マルディーニ,マルディーニ,198
72,rosso9899,5,トーマス・ヘルヴェグ,ヘルベック,
72,rosso9899,6,デメトリオ・アルベルティーニ,アルベルティーニ,981
72,rosso9899,7,マッシモ・アンブロジーニ,アンブロジーニ,985
72,rosso9899,8,ズボニミール・ボバン,ボバン,574
72,rosso9899,9,ジョージ・ウェア,ウェア,646
72,rosso9899,10,レオナルド,レオナルド,636
72,rosso9899,11,オリバー・ビアホフ,ビアホフ,982
110,urg1930,1,バジェステロス,バジェステロス,
110,urg1930,2,ナサッシ,ナサッシ,
110,urg1930,3,マスチェローニ,マスチェローニ,
110,urg1930,4,アンドラーデ,アンドラーデ,
110,urg1930,5,フェルナンデス,フェルナンデス,
110,urg1930,6,ヘスティード,ヘスティード,
110,urg1930,7,スカローネ,スカローネ,
110,urg1930,8,セア,セア,
110,urg1930,9,ドラゴ,ドラゴ,
110,urg1930,10,カストロ,カストロ,
110,urg1930,11,イリアルテ,イリアルテ,
42,garata9900,1,タファレル,タファレル,582
42,garata9900,2,カポネ,カポネ,
42,garata9900,3,ビュレント・コルクマズ,コルクマズ,
42,garata9900,4,ゲオルゲ・ポペスク,ポペスク,
42,garata9900,5,エルギュン・ペンベ,ペンベ,
42,garata9900,6,スアト・カヤ,カヤ,
42,garata9900,7,ウミト・ダバラ,ダバラ,
42,garata9900,8,オカン・ブルク,ブルク,
42,garata9900,9,アリフ・エルデム,エルデム,
42,garata9900,10,ゲオルゲ・ハジ,ハジ,572
42,garata9900,11,ハカン・シュキュル,シュキル,569
85,dort1516,1,ロマン・ビュルキ,ヴュルキ,2350
85,dort1516,2,マティアス・ギンター,ギンター,
85,dort1516,3,ソクラティス・パパスタソプロス,パパスタソプロス,
85,dort1516,4,マッツ・フンメルス,フンメルス,667
85,dort1516,5,マルセル・シュメルツァー,シュメルツァー,1655
85,dort1516,6,ユリアン・ヴァイグル,ヴァイグル,
85,dort1516,7,ヘンリク・ムヒタリアン,ムヒタリアン,1271
85,dort1516,8,イルカイ・ギュンドアン,ギュンドアン,1544
85,dort1516,9,香川真司,香川真司,493
85,dort1516,10,マルコ・ロイス,マルコロイス,685
85,dort1516,11,ピエール＝エメリク・オーバメヤン,オーバメアン,1017
55,arg14,1,セルヒオ・ロメロ,ロメロ,1612
55,arg14,2,パブロ・サバレタ,サバレタ,746
55,arg14,3,フェデリコ・フェルナンデス,フェルナンデス,
55,arg14,4,エセキエル・ガライ,ガライ,1611
55,arg14,5,マルコス・ロホ,ロホ,1504
55,arg14,6,ハビエル・マスチェラーノ,マスチェラーノ,510
55,arg14,7,フェルナンド・ガゴ,ガーゴ,745
55,arg14,8,アンヘル・ディ・マリア,ディ・マリア,743
55,arg14,9,リオネル・メッシ,メッシ,469
55,arg14,10,ゴンサロ・イグアイン,イグアイン,741
55,arg14,11,セルヒオ・アグエロ,アグエロ,507
19,svn00,1,ムラデン・ダバノヴィッチ,ダバノビッチ,
19,svn00,2,ミラン・ノヴァク,ノバク,
19,svn00,3,アレクサンデル・クナヴス,クナブス,
19,svn00,4,ジェリコ・ミリノヴィッチ,ミリノビッチ,
19,svn00,5,アレシュ・ガリッチ,ガリッチ,
19,svn00,6,アミル・カーリッチ,カーリッチ,
19,svn00,7,ムラデン・ルドニャ,ルドニア,
19,svn00,8,アレシュ・チェフ,セフ,
19,svn00,9,ミラン・パヴリン,タブリン,
19,svn00,10,ズラトコ・ザホヴィッチ,ザホビッチ,
19,svn00,11,サショ・ウドヴィッチ,ウドビッチ,
7,jpn01,1,川口能活,川口能活,530
7,jpn01,2,松田直樹,松田直樹,
7,jpn01,3,宮本恒靖,宮本恒靖,262
7,jpn01,4,中田浩二,中田浩二,
7,jpn01,5,戸田和幸,戸田和幸,2080
7,jpn01,6,稲本潤一,稲本潤一,1818
7,jpn01,7,波戸康広,波戸康弘,
7,jpn01,8,中村俊輔,中村俊介,36
7,jpn01,9,中田英寿,中田秀俊,2
7,jpn01,10,西澤明訓,西澤明訓,
7,jpn01,11,鈴木隆行,鈴木隆行,
37,gunner0304,1,イェンス・レーマン,レーマン,1042
37,gunner0304,2,ローレン・エタメ・マイヤー,ローレン,1380
37,gunner0304,3,コロ・トゥーレ,トゥーレ,604
37,gunner0304,4,ソル・キャンベル,キャンベル,264
37,gunner0304,5,アシュリー・コール,アシュリー・コール,258
37,gunner0304,6,フレドリック・ユングベリ,リュンベリ,676
37,gunner0304,7,パトリック・ヴィエラ,ディエラ,254
37,gunner0304,8,ジウベルト・シウバ,ジューベート・シューバー,1304
37,gunner0304,9,ロベール・ピレス,ピレス,251
37,gunner0304,10,デニス・ベルカンプ,ベルカンプ,52
37,gunner0304,11,ティエリ・アンリ,アンリ,238
4,arg98,1,カルロス・ロア,ロア,
4,arg98,2,ネルソン・ビバス,ビーバス,
4,arg98,3,ロベルト・アジャラ,アジャラ,261
4,arg98,4,ネストル・センシーニ,センシーニ,1604
4,arg98,5,ハビエル・サネッティ,サネッティ,74
4,arg98,6,マティアス・アルメイダ,アルメイダ,1598
4,arg98,7,フアン・セバスティアン・ベロン,ベロン,49
4,arg98,8,ディエゴ・シメオネ,シメオネ,583
4,arg98,9,アリエル・オルテガ,オルテガ,142
4,arg98,10,ガブリエル・バティストゥータ,バティストゥータ,146
4,arg98,11,クラウディオ・ロペス,ロペス,1605
21,sng02,1,トニー・シルヴァ,シルバ,
21,sng02,2,フェルディナン・コリー,コリー,
21,sng02,3,パプ・マリック・ディオプ,ディオプ,
21,sng02,4,ラミン・ディアッタ,ディアッタ,
21,sng02,5,オマール・ダフ,ダフ,
21,sng02,6,パパ・ブバ・ディオプ,ディオプ,
21,sng02,7,アリウ・シセ,シセ,2886
21,sng02,8,カリル・ファディガ,ファディガ,
21,sng02,9,アンリ・カマラ,カマラ,
21,sng02,10,ムサ・エンディアイエ,エンディアイエ,
21,sng02,11,エル・ハッジ・ディウフ,ディウフ,
23,fra82,1,ジャン＝リュック・エトリ,エトリ,
23,fra82,2,マニュエル・アモロス,アモロス,
23,fra82,3,ジェラール・ジャンヴィオン,ジャンビオン,
23,fra82,4,マリウス・トレゾール,トレゾール,
23,fra82,5,マキシム・ボシス,ボシス,
23,fra82,6,ジャン・ティガナ,ティガナ,
23,fra82,7,アラン・ジレス,ジレス,
23,fra82,8,ベルナール・ジャンジニ,ジェンジーニ,
23,fra82,9,ミシェル・プラティニ,プラティニ,1104
23,fra82,10,ドミニク・ロシュトー,ロシュトー,
23,fra82,11,ディディエ・シックス,シックス,
77,roma0708,1,アレシャンドレ・ドニ,ドニ,
77,roma0708,2,クリスティアン・パヌッチ,パヌッチ,1294
77,roma0708,3,フィリップ・メクセス,メクセス,1049
77,roma0708,4,フアン,フアン,
77,roma0708,5,マックス・トネット,トネット,
77,roma0708,6,ダニエレ・デ・ロッシ,デ・ロッシ,711
77,roma0708,7,ダビド・ピサーロ,ピサーロ,1407
77,roma0708,8,リュドビク・ジュリ,ジュリ,949
77,roma0708,9,シモーネ・ペッロッタ,ペロッタ,1058
77,roma0708,10,マンシーニ,マンシーニ,1405
77,roma0708,11,フランチェスコ・トッティ,トッティ,115
24,den86,1,トロエルス・ラスムッセン,ラスムッセン,
24,den86,2,ソーレン・ブスク,バスク,
24,den86,3,モーテン・オルセン,オルセン,
24,den86,4,イヴァン・ニールセン,ニールセン,
24,den86,5,クラウス・ベアグリーン,ベアグリーン,
24,den86,6,イェスパー・オルセン,オルセン,
24,den86,7,フランク・アルネセン,アルネセン,
24,den86,8,イェンス・ヨーン・ベルテルセン,ベルデンセン,
24,den86,9,セーレン・レアビー,レアビー,
24,den86,10,ミカエル・ラウドルップ,ラウドルップ,586
24,den86,11,プレーベン・エルケーア,エルケア,
11,nor00,1,トーマス・ミューレ,ミューレ,
11,nor00,2,アンドレ・ベルグドルモ,ベルグドルモ,
11,nor00,3,ヘニング・ベルグ,ベルグ,
11,nor00,4,ビョルン・オットー・ブラグスタッド,ブラグスタッド,
11,nor00,5,エリック・ミュクラン,ミュクラン,
11,nor00,6,エイリク・バッケ,バッケ,
11,nor00,7,ベント・スカンメルスルット,スカンメルスルット,
11,nor00,8,ベガルド・ヘッゲム,ヘッケム,
11,nor00,9,ステフェン・イベルセン,イベルセン,
11,nor00,10,オーレ・グンナー・スールシャール,スールシャール,1237
11,nor00,11,トーレ・アンドレ・フロー,フロー,567
99,marinos03,1,榎本達也,榎本達也,
99,marinos03,2,柳想鐵,柳 想鉄,
99,marinos03,3,松田直樹,松田尚樹,
99,marinos03,4,中澤佑二,中澤佑二,2649
99,marinos03,5,ドゥトラ,ドゥトラ,
99,marinos03,6,遠藤彰弘,遠藤彰弘,
99,marinos03,7,那須大亮,那須大亮,
99,marinos03,8,佐藤由紀彦,佐藤由紀彦,
99,marinos03,9,奥大介,奥大介,
99,marinos03,10,久保竜彦,久保竜彦,3013
99,marinos03,11,マルキーニョス,マルキーニョス,1734
29,urg02,1,ファビアン・カリーニ,カリーニ,
29,urg02,2,アレハンドロ・レンボ,レンボ,
29,urg02,3,パオロ・モンテーロ,モンテーロ,445
29,urg02,4,ゴンサロ・ソロンド,ソロンド,
29,urg02,5,グスタボ・バレラ,バレラ,
29,urg02,6,マルセロ・ロメロ,ロメロ,
29,urg02,7,パブロ・ガルシア,ガルシア,
29,urg02,8,ダリオ・ロドリゲス,ロドリエス,
29,urg02,9,アルバロ・レコバ,レコバ,203
29,urg02,10,ダリオ・シルバ,シルバ,568
29,urg02,11,セバスティアン・アブレウ,アブレル,
25,gre04,1,アントニス・ニコポリディス,ニコポリディス,580
25,gre04,2,トライアノス・デラス,デラス,
25,gre04,3,ユルカス・セイタリディス,セイタリディス,
25,gre04,4,ミハリス・カプシス,カプシス,
25,gre04,5,タキス・フィサス,フィサス,
25,gre04,6,コスタス・カツラニス,カツラニス,
25,gre04,7,テオドロス・ザゴラキス,ザゴラギス,
25,gre04,8,アンゲロス・バシナス,バシナス,
25,gre04,9,アンゲロス・ハリステアス,ハリステアス,
25,gre04,10,ギオルゴス・カラグーニス,カラグーニス,756
25,gre04,11,ジシス・ブリザス,ブリザス,
63,crc14,1,ケイロル・ナバス,ナバス,1349
63,crc14,2,クリスティアン・ガンボア,ガンボア,
63,crc14,3,オスカル・ドゥアルテ,ドゥアルテ,
63,crc14,4,ジャンカルロ・ゴンサレス,ゴンサレス,
63,crc14,5,ミチャエル・ウマニャ,ウマニャ,
63,crc14,6,ジュニオール・ディアス,ディアス,
63,crc14,7,ブライアン・ルイス,ルイス,
63,crc14,8,イェルツィン・テヘダ,テヘダ,
63,crc14,9,セルソ・ボルヘス,ボルヘス,
63,crc14,10,クリスティアン・ボラーニョス,ボラーニョス,
63,crc14,11,ジョエル・キャンベル,キャンベル,
12,spa00,1,サンティアゴ・カニサレス,カニサレス,270
12,spa00,2,ミチェル・サルガド,サルガド,268
12,spa00,3,フェルナンド・イエロ,イエロ,158
12,spa00,4,アベラルド・フェルナンデス,アベラルド,945
12,spa00,5,アグスティン・アランサバル,アランサバル,
12,spa00,6,イバン・エルゲラ,エルゲラ,918
12,spa00,7,ジョゼップ・グアルディオラ,グアルディオラ,48
12,spa00,8,ガイスカ・メンディエタ,メンディエタ,2356
12,spa00,9,ペドロ・ムニティス,ムニティス,
12,spa00,10,ラウル・ゴンサレス,ラウール,68
12,spa00,11,アルフォンソ・ペレス,アルフォンソ,
92,ger90,1,ボド・イルクナー,イルクナー,1335
92,ger90,2,ギド・ブッフバルト,ブッフバルト,1467
92,ger90,3,クラウス・アウゲンターラー,アウゲンターラー,
92,ger90,4,ユルゲン・コーラー,コーラー,577
92,ger90,5,トーマス・ベルトルト,ベルトルト,1409
92,ger90,6,ローター・マテウス,マテウス,134
92,ger90,7,アンドレアス・ブレーメ,ブレーメ,589
92,ger90,8,トーマス・ヘスラー,ヘスラー,
92,ger90,9,ピエール・リトバルスキー,リトバルスキー,1026
92,ger90,10,ルディ・フェラー,フェラー,
92,ger90,11,ユルゲン・クリンスマン,クリンスマン,1107
70,napo1112,1,モルガン・デ・サンクティス,デサンクティス,
70,napo1112,2,ウーゴ・カンパニャーロ,カンパニャーロ,
70,napo1112,3,パオロ・カンナバーロ,カンナバーロ,
70,napo1112,4,サルヴァトーレ・アロニカ,アロニカ,
70,napo1112,5,クリスティアン・マッジョ,マッジョ,1015
70,napo1112,6,ワルテル・ガルガノ,ガルガノ,
70,napo1112,7,ギョクハン・インレル,インレル,
70,napo1112,8,アンドレア・ドッセーナ,ドッセーナ,
70,napo1112,9,マレク・ハムシク,ハムシク,1057
70,napo1112,10,エセキエル・ラベッシ,ラベッシ,1155
70,napo1112,11,エディンソン・カバーニ,カバーニ,767
13,bra98,1,タファレル,タファレル,582
13,bra98,2,カフー,カフー,239
13,bra98,3,ジュニオール・バイアーノ,バイアーノ,139
13,bra98,4,アウダイール,アウダイール,1125
13,bra98,5,ロベルト・カルロス,カルロス,51
13,bra98,6,セザール・サンパイオ,サンパイオ,1309
13,bra98,7,ドゥンガ,ドゥンガ,576
13,bra98,8,レオナルド,レオナルド,636
13,bra98,9,リバウド,リバウド,220
13,bra98,10,ロナウド,ロナウド,235
13,bra98,11,ベベット,ベベット,1034
94,fra16,1,ウーゴ・ロリス,ロリス,1064
94,fra16,2,バカリ・サニャ,サニャ,527
94,fra16,3,アディル・ラミ,ラミ,1627
94,fra16,4,ローラン・コシールニー,コシールニ,1063
94,fra16,5,パトリス・エヴラ,エブラ,497
94,fra16,6,エンゴロ・カンテ,カンテ,1462
94,fra16,7,ポール・ポグバ,ポグバ,
94,fra16,8,ブレーズ・マテュイディ,マテュイディ,839
94,fra16,9,グリーズマン,グリーズマ,1033
94,fra16,10,ディミトリ・パイエ,パイエ,1522
94,fra16,11,オリヴィエ・ジルー,ジルー,837
79,reds06,1,都築龍太,都築龍太,
79,reds06,2,坪井慶介,坪井慶介,
79,reds06,3,田中マルクス闘莉王,田中マルクス闘莉王,473
79,reds06,4,堀之内聖,堀之内聖,
79,reds06,5,山田暢久,山田暢久,
79,reds06,6,鈴木啓太,鈴木啓太,
79,reds06,7,長谷部誠,長谷部誠,494
79,reds06,8,三都主アレサンドロ,三都主アレサンドロ,246
79,reds06,9,小野伸二,小野伸二,255
79,reds06,10,ロブソン・ポンテ,ポンテ,
79,reds06,11,ワシントン,ワシントン,
80,gamba08,1,藤ヶ谷陽介,藤ヶ谷 陽介,
80,gamba08,2,加地亮,加地亮,
80,gamba08,3,中澤聡太,中澤 聡太,
80,gamba08,4,山口智,山口 智,
80,gamba08,5,安田理大,安田 理大,
80,gamba08,6,橋本英郎,橋本 英郎,
80,gamba08,7,明神智和,明神 智和,
80,gamba08,8,佐々木勇人,佐々木 勇人,
80,gamba08,9,遠藤保仁,遠藤 保仁,499
80,gamba08,10,二川孝広,二川 孝広,
80,gamba08,11,ルーカス,ルーカス,
9,jpn00,1,楢崎正剛,楢崎正剛,274
9,jpn00,2,森岡隆三,森岡隆三,
9,jpn00,3,松田直樹,松田直樹,
9,jpn00,4,大岩剛,大岩剛,
9,jpn00,5,稲本潤一,稲本潤一,1818
9,jpn00,6,名波浩,名波浩,532
9,jpn00,7,伊東輝悦,伊東輝悦,
9,jpn00,8,中村俊輔,中村俊輔,36
9,jpn00,9,森島寛晃,森島寛晃,
9,jpn00,10,中田英寿,中田英寿,2
9,jpn00,11,西澤明訓,西澤明訓,
